x,y,yaw
9.999999955296516863e-01,-1.341104505225843013e-08,0.000000000000000000e+00
1.010488524500537055e+00,-3.266721890893276026e-05,0.000000000000000000e+00
1.020488505203533736e+00,-4.899412284087301117e-05,0.000000000000000000e+00
1.030488485906530416e+00,-7.119566043056746452e-05,0.000000000000000000e+00
1.040488447536041194e+00,-9.892850893178373184e-05,0.000000000000000000e+00
1.050488390092066071e+00,-1.344051927091305387e-04,0.000000000000000000e+00
1.060488294501119144e+00,-1.770535071855539044e-04,0.000000000000000000e+00
1.070488160763200414e+00,-2.293911525000913443e-04,0.000000000000000000e+00
1.080487969804823978e+00,-2.905407483012600878e-04,0.000000000000000000e+00
1.090487702552503935e+00,-3.631725826153120451e-04,0.000000000000000000e+00
1.100487359006240284e+00,-4.462185402317464522e-04,0.000000000000000000e+00
1.110486901019061223e+00,-5.424252031204224167e-04,0.000000000000000000e+00
1.120486290443994948e+00,-6.504574272682139835e-04,0.000000000000000000e+00
1.130485565428013262e+00,-7.732525295039982538e-04,0.000000000000000000e+00
1.140484611530200754e+00,-9.090938960966132854e-04,0.000000000000000000e+00
1.150282165327321637e+00,1.092897331128050986e-03,0.000000000000000000e+00
1.160126945075535376e+00,2.848077650783431558e-03,0.000000000000000000e+00
1.169991141632397147e+00,4.490495521787374322e-03,0.000000000000000000e+00
1.179871283623472822e+00,6.034227176735407205e-03,0.000000000000000000e+00
1.189768629898831920e+00,7.463365328385429542e-03,0.000000000000000000e+00
1.199672651894256648e+00,8.845391969858007464e-03,0.000000000000000000e+00
1.209584494018901113e+00,1.017027444756879451e-02,0.000000000000000000e+00
1.219496755760235418e+00,1.149206702056349005e-02,0.000000000000000000e+00
1.229409856734949402e+00,1.280760349018239541e-02,0.000000000000000000e+00
1.239317464545723668e+00,1.416376648477213340e-02,0.000000000000000000e+00
1.249218739959178537e+00,1.556551511066717186e-02,0.000000000000000000e+00
1.259106816520389360e+00,1.705744317790591769e-02,0.000000000000000000e+00
1.268223790193562239e+00,2.116610092298432111e-02,0.000000000000000000e+00
1.277340115368214457e+00,2.527617010601945768e-02,0.000000000000000000e+00
1.286408070182619712e+00,2.949179196003515191e-02,0.000000000000000000e+00
1.295517872225093514e+00,3.361631884538385240e-02,0.000000000000000000e+00
1.304385593584501679e+00,3.823835853699508736e-02,0.000000000000000000e+00
1.312575519548903502e+00,4.397642603569240638e-02,0.000000000000000000e+00
1.320669658467106489e+00,4.984877087513839289e-02,0.000000000000000000e+00
1.329240176769192816e+00,5.500112976876325721e-02,0.000000000000000000e+00
1.338134639155835304e+00,5.957151846055241950e-02,0.000000000000000000e+00
1.347382151766520098e+00,6.337728924951024911e-02,0.000000000000000000e+00
1.356718279792704651e+00,6.696012913524784782e-02,0.000000000000000000e+00
1.366094385845339376e+00,7.043699673331504929e-02,0.000000000000000000e+00
1.375546633253694084e+00,7.370108052266177712e-02,0.000000000000000000e+00
1.385064302718691964e+00,7.676939405271243633e-02,0.000000000000000000e+00
1.394622102798027230e+00,7.971022040299546862e-02,0.000000000000000000e+00
1.404395509561996436e+00,8.182691957443355424e-02,0.000000000000000000e+00
1.414176164250608325e+00,8.390997311674086578e-02,0.000000000000000000e+00
1.422938447379951343e+00,8.872892747680227732e-02,0.000000000000000000e+00
1.432442994286648785e+00,9.183752420907753677e-02,0.000000000000000000e+00
1.442417130416248527e+00,9.255651833363176539e-02,0.000000000000000000e+00
1.452388977727540054e+00,9.330625891745969458e-02,0.000000000000000000e+00
1.462367081142207370e+00,9.396711705698523875e-02,0.000000000000000000e+00
1.472331680528856213e+00,9.480833407919819766e-02,0.000000000000000000e+00
1.482331680305338795e+00,9.479483005117972372e-02,0.000000000000000000e+00
1.492317031644648795e+00,9.533476229008785996e-02,0.000000000000000000e+00
1.499156325925372402e+00,1.026302943535825074e-01,0.000000000000000000e+00
1.509030440694903108e+00,1.042121729803341390e-01,0.000000000000000000e+00
1.518915312910482429e+00,1.057250818820648641e-01,0.000000000000000000e+00
1.528833144109700060e+00,1.070041498466395291e-01,0.000000000000000000e+00
1.538762877164120413e+00,1.081874689119871613e-01,0.000000000000000000e+00
1.548713209583314709e+00,1.091829522881738734e-01,0.000000000000000000e+00
1.558670789927151690e+00,1.101032861299074961e-01,0.000000000000000000e+00
1.568643934235484538e+00,1.108360894582546274e-01,0.000000000000000000e+00
1.578620435477336104e+00,1.115213616597344748e-01,0.000000000000000000e+00
1.588604718701435603e+00,1.120815117936985184e-01,0.000000000000000000e+00
1.598590680392294461e+00,1.126101525289527894e-01,0.000000000000000000e+00
1.608580990837938929e+00,1.130502922896227114e-01,0.000000000000000000e+00
1.618572216810906683e+00,1.134692986279134397e-01,0.000000000000000000e+00
1.628565655308239046e+00,1.138332207389197714e-01,0.000000000000000000e+00
1.638559627863176660e+00,1.141789848913475902e-01,0.000000000000000000e+00
1.648555736648535275e+00,1.144574577855138608e-01,0.000000000000000000e+00
1.658552150609668319e+00,1.147268517003908750e-01,0.000000000000000000e+00
1.668549251216293827e+00,1.149657280378250102e-01,0.000000000000000000e+00
1.678546580704750157e+00,1.151969749808984256e-01,0.000000000000000000e+00
1.688544520544755345e+00,1.153999931648371780e-01,0.000000000000000000e+00
1.698542612972647747e+00,1.155972130090617833e-01,0.000000000000000000e+00
1.708540934282370971e+00,1.157787925948469132e-01,0.000000000000000000e+00
1.718539408179981409e+00,1.159538109014818241e-01,0.000000000000000000e+00
1.728538416135197098e+00,1.160944206395498890e-01,0.000000000000000000e+00
1.738537500384356393e+00,1.162325126774789164e-01,0.000000000000000000e+00
1.748536660927459296e+00,1.163602287390773649e-01,0.000000000000000000e+00
1.758535897764505807e+00,1.164851982187059543e-01,0.000000000000000000e+00
1.768535210895495924e+00,1.165979606673573921e-01,0.000000000000000000e+00
1.778534600320429648e+00,1.167085868855878283e-01,0.000000000000000000e+00
1.788534066039306980e+00,1.168147117611454400e-01,0.000000000000000000e+00
1.798533531758184312e+00,1.169174797031843349e-01,0.000000000000000000e+00
1.808533226358892465e+00,1.169983512834079642e-01,0.000000000000000000e+00
1.818532920959600618e+00,1.170783836302519143e-01,0.000000000000000000e+00
1.828532615560308772e+00,1.171546012799155045e-01,0.000000000000000000e+00
1.838532310161016925e+00,1.172297508143685940e-01,0.000000000000000000e+00
1.848532081055668685e+00,1.172984916575586789e-01,0.000000000000000000e+00
1.858531851950320446e+00,1.173662406794818702e-01,0.000000000000000000e+00
1.868531622844972206e+00,1.174332267619689896e-01,0.000000000000000000e+00
1.878531393739623967e+00,1.174979240261478930e-01,0.000000000000000000e+00
1.888531317222162942e+00,1.175459892106204274e-01,0.000000000000000000e+00
1.898531164410758310e+00,1.175926811041080322e-01,0.000000000000000000e+00
1.908531087893297284e+00,1.176367027095693851e-01,0.000000000000000000e+00
1.918531011375836259e+00,1.176772910875684142e-01,0.000000000000000000e+00
1.928531011152318841e+00,1.176975852765679287e-01,0.000000000000000000e+00
1.938531010928801424e+00,1.177128440652893682e-01,0.000000000000000000e+00
1.948521473962333106e+00,1.172775108230666996e-01,0.000000000000000000e+00
1.953697865448194237e+00,1.258334951288958559e-01,0.000000000000000000e+00
1.963534519891413810e+00,1.276334218464768577e-01,0.000000000000000000e+00
1.973368656634494345e+00,1.294470814739071551e-01,0.000000000000000000e+00
1.983249561565006092e+00,1.309860829043515418e-01,0.000000000000000000e+00
1.993116123234119685e+00,1.326142719548727422e-01,0.000000000000000000e+00
2.003077289393305982e+00,1.334944751822689790e-01,0.000000000000000000e+00
2.012992450304497360e+00,1.347944476873920161e-01,0.000000000000000000e+00
2.022923251474128215e+00,1.359689929492248206e-01,0.000000000000000000e+00
2.032625781164486334e+00,1.383897997798811952e-01,0.000000000000000000e+00
2.042468996886856125e+00,1.401536394621359927e-01,0.000000000000000000e+00
2.052297564172053335e+00,1.419974351972911331e-01,0.000000000000000000e+00
2.062083406848830514e+00,1.440559983837005342e-01,0.000000000000000000e+00
2.071836824599574634e+00,1.462628769964823272e-01,0.000000000000000000e+00
2.081583986246942963e+00,1.484970688410754969e-01,0.000000000000000000e+00
2.091225099312697289e+00,1.511523269604367892e-01,0.000000000000000000e+00
2.101101808076310640e+00,1.527173446256512301e-01,0.000000000000000000e+00
2.110633668214819458e+00,1.557413313744661076e-01,0.000000000000000000e+00
2.115837067756717538e+00,1.642809124824197164e-01,0.000000000000000000e+00
2.125464905676284211e+00,1.669836254347046856e-01,0.000000000000000000e+00
2.134989441596206738e+00,1.700306529544889367e-01,0.000000000000000000e+00
2.144672668918832237e+00,1.725276774348089015e-01,0.000000000000000000e+00
2.153932922618099433e+00,1.763019388250569586e-01,0.000000000000000000e+00
2.159714325076765640e+00,1.844612709180722954e-01,0.000000000000000000e+00
2.169150207434216604e+00,1.877728858342863072e-01,0.000000000000000000e+00
2.178041045858537750e+00,1.923501409810001173e-01,0.000000000000000000e+00
2.172545135336849675e+00,2.007044803938754507e-01,0.000000000000000000e+00
2.181803100217808655e+00,2.044848452996120836e-01,0.000000000000000000e+00
2.190438201343158475e+00,2.095280275599350484e-01,0.000000000000000000e+00
2.197674529306413937e+00,2.164299591683601642e-01,0.000000000000000000e+00
2.207003752730702040e+00,2.200306518369018471e-01,0.000000000000000000e+00
2.215875212493346957e+00,2.246455198978140055e-01,0.000000000000000000e+00
2.222933775567997650e+00,2.317291836799114657e-01,0.000000000000000000e+00
2.229645353787122808e+00,2.391422847105048044e-01,0.000000000000000000e+00
2.238334928788208167e+00,2.440910150686420588e-01,0.000000000000000000e+00
2.245178037766112134e+00,2.513829613167871679e-01,0.000000000000000000e+00
2.251705289817482303e+00,2.589589499169818732e-01,0.000000000000000000e+00
2.260256620192751420e+00,2.641429707972037244e-01,0.000000000000000000e+00
2.267833829496043840e+00,2.706686969697017497e-01,0.000000000000000000e+00
2.267548337559065708e+00,2.806646531671731504e-01,0.000000000000000000e+00
2.264643674538052487e+00,2.902334395743878526e-01,0.000000000000000000e+00
2.257951474980603557e+00,2.976640882120108467e-01,0.000000000000000000e+00
2.262063108189482641e+00,3.067796885941987961e-01,0.000000000000000000e+00
2.266137967717543056e+00,3.159118447621495074e-01,0.000000000000000000e+00
2.270121121925387619e+00,3.250843604262684261e-01,0.000000000000000000e+00
2.274083676768458240e+00,3.342657261878457797e-01,0.000000000000000000e+00
2.281633115076277640e+00,3.408235721106024352e-01,0.000000000000000000e+00
2.287895169379669191e+00,3.486202790896527626e-01,0.000000000000000000e+00
2.292647213951187091e+00,3.574189544300964139e-01,0.000000000000000000e+00
2.293178982738129257e+00,3.674048398270116644e-01,0.000000000000000000e+00
2.293840451229203659e+00,3.773829432416789809e-01,0.000000000000000000e+00
2.294376492476987828e+00,3.873685234628198026e-01,0.000000000000000000e+00
2.295611233660326711e+00,3.972920767078079729e-01,0.000000000000000000e+00
2.294369931197837609e+00,4.072147144254728568e-01,0.000000000000000000e+00
2.289744381984820443e+00,4.160806047302344490e-01,0.000000000000000000e+00
2.288525204765977428e+00,4.260059890298691920e-01,0.000000000000000000e+00
2.287099423547846122e+00,4.359038312158617368e-01,0.000000000000000000e+00
2.285941128896001651e+00,4.458365397340827707e-01,0.000000000000000000e+00
2.284634213642010359e+00,4.557507851179508629e-01,0.000000000000000000e+00
2.283399472458671475e+00,4.656742620689954260e-01,0.000000000000000000e+00
2.282022519364448776e+00,4.755789707099126185e-01,0.000000000000000000e+00
2.280635495469669927e+00,4.854823060598448814e-01,0.000000000000000000e+00
2.278537717196246426e+00,4.952598326967688758e-01,0.000000000000000000e+00
2.276265988731398515e+00,5.049983731285095923e-01,0.000000000000000000e+00
2.273398709742752821e+00,5.145784510393781597e-01,0.000000000000000000e+00
2.270172391455491656e+00,5.240437065651178949e-01,0.000000000000000000e+00
2.266354795105274711e+00,5.332864126573554353e-01,0.000000000000000000e+00
2.262183500032494798e+00,5.423748523956192225e-01,0.000000000000000000e+00
2.257553068007086772e+00,5.512381487062981700e-01,0.000000000000000000e+00
2.252802549314441016e+00,5.600377395740651076e-01,0.000000000000000000e+00
2.247747922962576972e+00,5.686662794202647087e-01,0.000000000000000000e+00
2.242427183335411023e+00,5.771331523999606583e-01,0.000000000000000000e+00
2.237064329451373901e+00,5.855736276751685176e-01,0.000000000000000000e+00
2.231544615219280381e+00,5.939121742417171612e-01,0.000000000000000000e+00
2.226025969102397362e+00,6.022515600416454840e-01,0.000000000000000000e+00
2.220365568838292170e+00,6.104952732362903811e-01,0.000000000000000000e+00
2.214534270140506855e+00,6.186191286455283711e-01,0.000000000000000000e+00
2.208682524665834812e+00,6.267281830297065648e-01,0.000000000000000000e+00
2.202704741596323679e+00,6.347448454481764424e-01,0.000000000000000000e+00
2.196707885040910746e+00,6.427471646052481669e-01,0.000000000000000000e+00
2.190561339768140492e+00,6.506351191408527024e-01,0.000000000000000000e+00
2.184296691470666296e+00,6.584296135955384210e-01,0.000000000000000000e+00
2.178037231161357390e+00,6.662282279231789284e-01,0.000000000000000000e+00
2.171657531596923540e+00,6.739288808272277942e-01,0.000000000000000000e+00
2.165304687500639425e+00,6.816517352688663545e-01,0.000000000000000000e+00
2.158855713035410240e+00,6.892944047757737502e-01,0.000000000000000000e+00
2.152307556443491698e+00,6.968522354173899425e-01,0.000000000000000000e+00
2.145786865671271748e+00,7.044338697694115803e-01,0.000000000000000000e+00
2.139181488621647809e+00,7.119418041719086654e-01,0.000000000000000000e+00
2.132440766116064701e+00,7.193284312040703066e-01,0.000000000000000000e+00
2.125699891022594379e+00,7.267150582362319478e-01,0.000000000000000000e+00
2.118861359681306844e+00,7.340112006512754528e-01,0.000000000000000000e+00
2.112021149873259951e+00,7.413056645995595995e-01,0.000000000000000000e+00
2.105073518192614124e+00,7.484981998391845304e-01,0.000000000000000000e+00
2.098048066689488955e+00,7.556145937230894782e-01,0.000000000000000000e+00
2.091067018261543176e+00,7.627744751548505286e-01,0.000000000000000000e+00
2.084017763048012561e+00,7.698672179162372453e-01,0.000000000000000000e+00
2.076923189231979272e+00,7.769147946630085011e-01,0.000000000000000000e+00
2.069868669736339761e+00,7.840023494362299283e-01,0.000000000000000000e+00
2.062766695407776574e+00,7.910424493765276788e-01,0.000000000000000000e+00
2.055636797495853152e+00,7.980541679698035518e-01,0.000000000000000000e+00
2.048538256394752288e+00,8.050976248436200189e-01,0.000000000000000000e+00
2.041404467491704899e+00,8.121055287397155320e-01,0.000000000000000000e+00
2.034253054687684248e+00,8.190951220893453177e-01,0.000000000000000000e+00
2.027125140418294613e+00,8.261089769130421923e-01,0.000000000000000000e+00
2.019969989211037209e+00,8.330949081533788325e-01,0.000000000000000000e+00
2.012852222036147332e+00,8.401189863655190715e-01,0.000000000000000000e+00
2.005704852811137862e+00,8.471130047638780747e-01,0.000000000000000000e+00
1.998537418278959921e+00,8.540862712095759202e-01,0.000000000000000000e+00
1.991399204327183314e+00,8.610895974690550014e-01,0.000000000000000000e+00
1.984235813374016333e+00,8.680671363755948500e-01,0.000000000000000000e+00
1.977057163632127912e+00,8.750289587297516158e-01,0.000000000000000000e+00
1.969901173191490829e+00,8.820139744427649697e-01,0.000000000000000000e+00
1.962723133801151265e+00,8.889765597363578076e-01,0.000000000000000000e+00
1.955533421437439801e+00,8.959269379989734938e-01,0.000000000000000000e+00
1.948361409268645206e+00,9.028956268080549075e-01,0.000000000000000000e+00
1.941170247320005204e+00,9.098444791917984498e-01,0.000000000000000000e+00
1.933970540449681197e+00,9.167844814780835572e-01,0.000000000000000000e+00
1.926784337607375663e+00,9.237385218499923889e-01,0.000000000000000000e+00
1.919581960449025404e+00,9.306757775543076372e-01,0.000000000000000000e+00
1.912373403481242962e+00,9.376066245673598809e-01,0.000000000000000000e+00
1.905172628495708453e+00,9.445455587384344875e-01,0.000000000000000000e+00
1.897960638300463687e+00,9.514728962300808002e-01,0.000000000000000000e+00
1.890743917880715275e+00,9.583951983214490378e-01,0.000000000000000000e+00
1.883327231034772398e+00,9.651028092555066218e-01,0.000000000000000000e+00
1.876017432003823204e+00,9.719268447475087891e-01,0.000000000000000000e+00
1.868777365637330989e+00,9.788248853648099379e-01,0.000000000000000000e+00
1.859724402582844549e+00,9.830724743811970479e-01,0.000000000000000000e+00
1.850998053900940521e+00,9.879563548872681844e-01,0.000000000000000000e+00
1.842833381231872680e+00,9.937301279515736718e-01,0.000000000000000000e+00
1.835405402882275938e+00,1.000425379266766779e+00,0.000000000000000000e+00
1.827176338124803623e+00,1.006107141835081986e+00,0.000000000000000000e+00
1.818772331354640004e+00,1.011526758413162863e+00,0.000000000000000000e+00
1.811731087005188146e+00,1.018627588332571943e+00,0.000000000000000000e+00
1.803967873067381378e+00,1.024930993953398595e+00,0.000000000000000000e+00
1.796269280099809906e+00,1.031313134924027874e+00,0.000000000000000000e+00
1.789973580167287581e+00,1.039082452377323218e+00,0.000000000000000000e+00
1.782095849020126410e+00,1.045242120208393910e+00,0.000000000000000000e+00
1.774886223937133467e+00,1.052171899106235653e+00,0.000000000000000000e+00
1.768731896682115279e+00,1.060053826420295220e+00,0.000000000000000000e+00
1.760822350960469906e+00,1.066172600697592454e+00,0.000000000000000000e+00
1.754038369788861518e+00,1.073519554879078353e+00,0.000000000000000000e+00
1.747214334296859350e+00,1.080829277616083939e+00,0.000000000000000000e+00
1.739247796999339402e+00,1.086873589004420548e+00,0.000000000000000000e+00
1.732684152736868599e+00,1.094417991911961874e+00,0.000000000000000000e+00
1.725375726996904335e+00,1.101243400694948971e+00,0.000000000000000000e+00
1.717600458616007630e+00,1.107532005290715826e+00,0.000000000000000000e+00
1.711262568132670525e+00,1.115266990469387931e+00,0.000000000000000000e+00
1.703410776926335801e+00,1.121459769871984147e+00,0.000000000000000000e+00
1.695769785886187764e+00,1.127910727979747119e+00,0.000000000000000000e+00
1.689550532485159851e+00,1.135741538351589863e+00,0.000000000000000000e+00
1.688234690839766516e+00,1.145654563032360240e+00,0.000000000000000000e+00
1.686317042567199609e+00,1.155469015937990118e+00,0.000000000000000000e+00
1.686579493733208368e+00,1.165465506193066769e+00,0.000000000000000000e+00
1.685980052218286618e+00,1.175447500598858053e+00,0.000000000000000000e+00
1.678405131733302413e+00,1.181975973353325937e+00,0.000000000000000000e+00
1.672151622351594868e+00,1.189779470493357305e+00,0.000000000000000000e+00
1.667438258809485818e+00,1.198598897786462114e+00,0.000000000000000000e+00
1.666882762606081814e+00,1.208583486186336042e+00,0.000000000000000000e+00
1.666187495897989423e+00,1.218559377076638750e+00,0.000000000000000000e+00
1.665533046449726884e+00,1.228537861961024102e+00,0.000000000000000000e+00
1.663941859961855174e+00,1.238410450851682665e+00,0.000000000000000000e+00
1.660702953173898822e+00,1.247871357622636790e+00,0.000000000000000000e+00
1.657126216803649799e+00,1.257209888908044970e+00,0.000000000000000000e+00
1.651107540180365207e+00,1.265195881161184754e+00,0.000000000000000000e+00
1.646617336423307210e+00,1.274131122660685289e+00,0.000000000000000000e+00
1.646175747077708751e+00,1.284121356812386150e+00,0.000000000000000000e+00
1.645656643085405380e+00,1.294107776266906651e+00,0.000000000000000000e+00
1.645423946557403427e+00,1.304105182049306588e+00,0.000000000000000000e+00
1.645157070342665451e+00,1.314101519716496025e+00,0.000000000000000000e+00
1.644973354526459319e+00,1.324099841026219249e+00,0.000000000000000000e+00
1.644769115639422852e+00,1.334097857160168044e+00,0.000000000000000000e+00
1.644606762127426736e+00,1.344096483645665696e+00,0.000000000000000000e+00
1.644426098068964892e+00,1.354094804955388920e+00,0.000000000000000000e+00
1.644265880787389777e+00,1.364093584028773787e+00,0.000000000000000000e+00
1.644063930718661526e+00,1.374091447574835367e+00,0.000000000000000000e+00
1.643802318786032446e+00,1.384088090417799233e+00,0.000000000000000000e+00
1.643321590647363495e+00,1.394076493514853521e+00,0.000000000000000000e+00
1.642377834564942463e+00,1.404031937628269500e+00,0.000000000000000000e+00
1.640518169689517025e+00,1.413857376861778814e+00,0.000000000000000000e+00
1.638432827328901498e+00,1.423637650080672667e+00,0.000000000000000000e+00
1.636329937361256315e+00,1.433413956014498947e+00,0.000000000000000000e+00
1.634221172759953378e+00,1.443189193833114725e+00,0.000000000000000000e+00
1.632096157548662108e+00,1.452960769542437358e+00,0.000000000000000000e+00
1.627677593804651268e+00,1.461931564019658847e+00,0.000000000000000000e+00
1.624671154662866046e+00,1.471468917322107384e+00,0.000000000000000000e+00
1.624000836074333209e+00,1.481446486679169450e+00,0.000000000000000000e+00
1.623085690220764876e+00,1.491404524786668073e+00,0.000000000000000000e+00
1.621773892154382724e+00,1.501318007231100093e+00,0.000000000000000000e+00
1.619657269276888245e+00,1.511091566582956514e+00,0.000000000000000000e+00
1.617555752600227992e+00,1.520868177692557222e+00,0.000000000000000000e+00
1.615448361289909984e+00,1.530643568099060214e+00,0.000000000000000000e+00
1.613348065316347446e+00,1.540420636972322566e+00,0.000000000000000000e+00
1.611237927424059579e+00,1.550195417027276701e+00,0.000000000000000000e+00
1.609119092022200492e+00,1.559968366027584263e+00,0.000000000000000000e+00
1.606997891508089582e+00,1.569740857264230183e+00,0.000000000000000000e+00
1.604865857253986450e+00,1.579510907094680672e+00,0.000000000000000000e+00
1.602729169069323278e+00,1.589279888809920660e+00,0.000000000000000000e+00
1.600580579029457384e+00,1.599046429118965218e+00,0.000000000000000000e+00
1.598432294165365919e+00,1.608812816840122562e+00,0.000000000000000000e+00
1.596280347191981308e+00,1.618578594209731047e+00,0.000000000000000000e+00
1.594117185008886439e+00,1.628341777585256889e+00,0.000000000000000000e+00
1.591959134520013253e+00,1.638106181663880445e+00,0.000000000000000000e+00
1.589809476364936858e+00,1.647872416797150574e+00,0.000000000000000000e+00
1.587658444918875533e+00,1.657638346754646275e+00,0.000000000000000000e+00
1.585509091939573567e+00,1.667404581887916404e+00,0.000000000000000000e+00
1.583353940620557454e+00,1.677169596318088818e+00,0.000000000000000000e+00
1.581196271601402303e+00,1.686934000396712374e+00,0.000000000000000000e+00
1.579034024945630721e+00,1.696697488948012644e+00,0.000000000000000000e+00
1.576875821868870320e+00,1.706461893026636201e+00,0.000000000000000000e+00
1.574716245501124989e+00,1.716225839341598114e+00,0.000000000000000000e+00
1.572558805363800660e+00,1.725990396008108885e+00,0.000000000000000000e+00
1.570398160880844829e+00,1.735754189735183584e+00,0.000000000000000000e+00
1.568237592691832605e+00,1.745517983462258282e+00,0.000000000000000000e+00
1.566072675748034770e+00,1.755280861662009695e+00,0.000000000000000000e+00
1.563900739761425074e+00,1.765042061395001749e+00,0.000000000000000000e+00
1.561727583071717662e+00,1.774803108540106589e+00,0.000000000000000000e+00
1.559553739736517786e+00,1.784564003097324214e+00,0.000000000000000000e+00
1.557380964516528410e+00,1.794325050242429054e+00,0.000000000000000000e+00
1.555211241054283322e+00,1.804086860326969965e+00,0.000000000000000000e+00
1.553041288710207413e+00,1.813848517823623663e+00,0.000000000000000000e+00
1.550873243714721683e+00,1.823610785671826218e+00,0.000000000000000000e+00
1.548703596546420203e+00,1.833372443168479915e+00,0.000000000000000000e+00
1.546534330847836758e+00,1.843134405840908041e+00,0.000000000000000000e+00
1.544361937097565418e+00,1.852895605573900095e+00,0.000000000000000000e+00
1.542188627819970792e+00,1.862656500131117721e+00,0.000000000000000000e+00
1.540010740905759734e+00,1.872416479161012060e+00,0.000000000000000000e+00
1.537835447985631321e+00,1.882177068542455256e+00,0.000000000000000000e+00
1.535659392126066836e+00,1.891937352748124024e+00,0.000000000000000000e+00
1.533482268151291850e+00,1.901697484365905577e+00,0.000000000000000000e+00
1.531305067882573256e+00,1.911457615983687131e+00,0.000000000000000000e+00
1.529106886779362684e+00,1.921213017376965038e+00,0.000000000000000000e+00
1.526920378649524013e+00,1.930971165352212804e+00,0.000000000000000000e+00
1.524738677038132595e+00,1.940730228854783856e+00,0.000000000000000000e+00
1.522562087120962859e+00,1.950490513060452624e+00,0.000000000000000000e+00
1.520240462416995841e+00,1.960217227930934225e+00,0.000000000000000000e+00
1.518043578310826591e+00,1.969972781912099347e+00,0.000000000000000000e+00
1.515875380727453647e+00,1.979735049760301902e+00,0.000000000000000000e+00
1.513734114906174044e+00,1.989503115948218603e+00,0.000000000000000000e+00
1.511608184167559488e+00,1.999274539069654022e+00,0.000000000000000000e+00
1.509496215220625048e+00,2.009049013948833728e+00,0.000000000000000000e+00
1.507390120907348363e+00,2.018824709531111150e+00,0.000000000000000000e+00
1.505287230939703180e+00,2.028601015464937429e+00,0.000000000000000000e+00
1.503185332793324891e+00,2.038377626574538137e+00,0.000000000000000000e+00
1.500855849813166332e+00,2.048102662978260380e+00,0.000000000000000000e+00
1.498790649053663104e+00,2.057886903482221808e+00,0.000000000000000000e+00
1.494521468851235158e+00,2.066929872030095705e+00,0.000000000000000000e+00
1.503251174466657902e+00,2.071807496432791051e+00,0.000000000000000000e+00
1.510033477171506933e+00,2.079156129081036308e+00,0.000000000000000000e+00
1.511679900474550253e+00,2.089019410110574793e+00,0.000000000000000000e+00
1.513216002735137566e+00,2.098901001686579004e+00,0.000000000000000000e+00
1.514221480617936821e+00,2.108850342284506407e+00,0.000000000000000000e+00
1.515174773443308753e+00,2.118804565694824671e+00,0.000000000000000000e+00
1.515859740469014172e+00,2.128781066936676236e+00,0.000000000000000000e+00
1.516559889989497423e+00,2.138756652651204515e+00,0.000000000000000000e+00
1.516726058198673899e+00,2.148755126548814953e+00,0.000000000000000000e+00
1.526084120733645522e+00,2.152280211919241903e+00,0.000000000000000000e+00
1.528342802934136602e+00,2.162022032990557729e+00,0.000000000000000000e+00
1.531474974494986485e+00,2.171518797915007237e+00,0.000000000000000000e+00
1.535943510772060039e+00,2.180464720566612780e+00,0.000000000000000000e+00
1.545511839415613098e+00,2.177558531666727415e+00,0.000000000000000000e+00
1.550588438423236015e+00,2.186173948954626578e+00,0.000000000000000000e+00
1.557840482938874560e+00,2.193059324777288932e+00,0.000000000000000000e+00
1.561335203319745846e+00,2.202428831403801635e+00,0.000000000000000000e+00
1.565852872896502435e+00,2.211350034817678445e+00,0.000000000000000000e+00
1.571820356283626596e+00,2.219374326630509042e+00,0.000000000000000000e+00
1.580345823012012874e+00,2.214147886317641589e+00,0.000000000000000000e+00
1.584677716836085937e+00,2.223160947639621465e+00,0.000000000000000000e+00
1.590494519684585883e+00,2.231295102731246427e+00,0.000000000000000000e+00
1.598392163551028533e+00,2.237429135797265101e+00,0.000000000000000000e+00
1.603055020502469619e+00,2.246275571146406858e+00,0.000000000000000000e+00
1.608757382435558769e+00,2.254490292642481020e+00,0.000000000000000000e+00
1.616601391659645559e+00,2.260692990257746171e+00,0.000000000000000000e+00
1.625330944687181089e+00,2.265570919836215946e+00,0.000000000000000000e+00
1.633998775914338397e+00,2.270557797166156799e+00,0.000000000000000000e+00
1.642880764241201108e+00,2.275152218450182229e+00,0.000000000000000000e+00
1.651682567633332654e+00,2.279898617269873196e+00,0.000000000000000000e+00
1.660670833423640191e+00,2.284281856917993903e+00,0.000000000000000000e+00
1.669665584199154340e+00,2.288651668832039743e+00,0.000000000000000000e+00
1.678668269544803637e+00,2.293005001254266428e+00,0.000000000000000000e+00
1.687728633111819976e+00,2.297236873718270456e+00,0.000000000000000000e+00
1.696588419901092992e+00,2.301874019610715916e+00,0.000000000000000000e+00
1.705723246357069955e+00,2.305942928211174969e+00,0.000000000000000000e+00
1.714796579894499517e+00,2.310147029679705977e+00,0.000000000000000000e+00
1.723948648781731707e+00,2.314176875781038145e+00,0.000000000000000000e+00
1.733038995868585674e+00,2.318344050980863269e+00,0.000000000000000000e+00
1.742335336603179075e+00,2.322029048457090905e+00,0.000000000000000000e+00
1.751650598235787060e+00,2.325665522985184364e+00,0.000000000000000000e+00
1.761000573612736320e+00,2.329212275835595758e+00,0.000000000000000000e+00
1.770361687905452230e+00,2.332729121460113131e+00,0.000000000000000000e+00
1.779733254468442327e+00,2.336218196089157484e+00,0.000000000000000000e+00
1.788925148794237474e+00,2.340156489458161015e+00,0.000000000000000000e+00
1.798196846585045749e+00,2.343902827265048838e+00,0.000000000000000000e+00
1.807629295715034390e+00,2.347223750042382928e+00,0.000000000000000000e+00
1.817054191744605918e+00,2.350566035123927033e+00,0.000000000000000000e+00
1.826526924076819158e+00,2.353770685931203754e+00,0.000000000000000000e+00
1.835980354041299778e+00,2.357031183905200944e+00,0.000000000000000000e+00
1.845439048287889294e+00,2.360276728266251123e+00,0.000000000000000000e+00
1.854895072246452559e+00,2.363529902021662021e+00,0.000000000000000000e+00
1.862978949629240377e+00,2.369416437534618947e+00,0.000000000000000000e+00
1.872061743615677232e+00,2.373600092226263225e+00,0.000000000000000000e+00
1.882038931503021262e+00,2.374275446215074137e+00,0.000000000000000000e+00
1.892011999517410503e+00,2.375008173249477661e+00,0.000000000000000000e+00
1.902008489772487154e+00,2.375272455470132993e+00,0.000000000000000000e+00
1.912002080857706732e+00,2.375631037005086821e+00,0.000000000000000000e+00
1.921992467597294807e+00,2.376068659065617705e+00,0.000000000000000000e+00
1.931952031583665574e+00,2.376967401721310491e+00,0.000000000000000000e+00
1.941913579212570129e+00,2.376091547248699865e+00,0.000000000000000000e+00
1.950936024689613690e+00,2.371779413556021066e+00,0.000000000000000000e+00
1.960851643364466712e+00,2.370482416514698709e+00,0.000000000000000000e+00
1.970726521073433490e+00,2.368905878463999581e+00,0.000000000000000000e+00
1.980636951760121223e+00,2.367570429275099197e+00,0.000000000000000000e+00
1.990519458863448721e+00,2.366042108996759818e+00,0.000000000000000000e+00
2.000413410058317076e+00,2.364589167134704351e+00,0.000000000000000000e+00
2.010281192430528385e+00,2.362968683772487477e+00,0.000000000000000000e+00
2.020149737742175766e+00,2.361352472871112607e+00,0.000000000000000000e+00
2.029925280736565973e+00,2.359245539324456242e+00,0.000000000000000000e+00
2.039258700327752472e+00,2.355655756689850389e+00,0.000000000000000000e+00
2.048619814620468382e+00,2.352138605889558587e+00,0.000000000000000000e+00
2.057649279140323806e+00,2.347841120634052370e+00,0.000000000000000000e+00
2.066468553845541400e+00,2.343127375622225284e+00,0.000000000000000000e+00
2.074908113593425973e+00,2.337763301035090446e+00,0.000000000000000000e+00
2.083217134403798632e+00,2.332199031139930323e+00,0.000000000000000000e+00
2.091203279244825630e+00,2.326180659692420161e+00,0.000000000000000000e+00
2.098883943135649410e+00,2.319777156417580866e+00,0.000000000000000000e+00
2.106554841401691469e+00,2.313361446111764419e+00,0.000000000000000000e+00
2.114011201098310089e+00,2.306697933077111795e+00,0.000000000000000000e+00
2.121508606936589381e+00,2.300080806760172347e+00,0.000000000000000000e+00
2.128800324302903668e+00,2.293237240018606737e+00,0.000000000000000000e+00
2.135912140550192184e+00,2.286207210878865137e+00,0.000000000000000000e+00
2.143073395272938164e+00,2.279227535741904287e+00,0.000000000000000000e+00
2.150043457373004507e+00,2.272056820570151014e+00,0.000000000000000000e+00
2.156849487494315376e+00,2.264730465753439059e+00,0.000000000000000000e+00
2.163688476599264554e+00,2.257434628514169983e+00,0.000000000000000000e+00
2.170343749888007601e+00,2.249970944598965072e+00,0.000000000000000000e+00
2.176842010240807035e+00,2.242369931585267206e+00,0.000000000000000000e+00
2.183351714685147549e+00,2.234778989372125491e+00,0.000000000000000000e+00
2.189677092961733074e+00,2.227033628217122807e+00,0.000000000000000000e+00
2.195839507374773625e+00,2.219158262182213459e+00,0.000000000000000000e+00
2.202049529208625067e+00,2.211320127591784424e+00,0.000000000000000000e+00
2.208111083028216903e+00,2.203366636558621305e+00,0.000000000000000000e+00
2.214085509164209320e+00,2.195347532733955997e+00,0.000000000000000000e+00
2.220149199214222158e+00,2.187395567579665023e+00,0.000000000000000000e+00
2.226130034041477579e+00,2.179381346567390576e+00,0.000000000000000000e+00
2.232080809054951764e+00,2.171344542547808398e+00,0.000000000000000000e+00
2.237998319909013212e+00,2.163283324466271917e+00,0.000000000000000000e+00
2.243959470898817976e+00,2.155254455016824888e+00,0.000000000000000000e+00
2.249896207826668437e+00,2.147207275020912132e+00,0.000000000000000000e+00
2.255806089286369165e+00,2.139140563775435933e+00,0.000000000000000000e+00
2.261532407517750976e+00,2.130942321771180925e+00,0.000000000000000000e+00
2.267331204995559624e+00,2.122795349297029954e+00,0.000000000000000000e+00
2.273175778839532590e+00,2.114681030630742864e+00,0.000000000000000000e+00
2.279048276266865791e+00,2.106587158741342503e+00,0.000000000000000000e+00
2.282081113113139104e+00,2.097058045184803543e+00,0.000000000000000000e+00
2.286469998513086743e+00,2.088072754858296687e+00,0.000000000000000000e+00
2.291850705179927949e+00,2.079643799968573514e+00,0.000000000000000000e+00
2.297517819311070575e+00,2.071404664410545049e+00,0.000000000000000000e+00
2.300150570717067744e+00,2.061757447829302148e+00,0.000000000000000000e+00
2.302959255957023110e+00,2.052159974899291139e+00,0.000000000000000000e+00
2.306002316191739787e+00,2.042634218276270897e+00,0.000000000000000000e+00
2.309505428906407865e+00,2.033267763407502482e+00,0.000000000000000000e+00
2.313748440286178543e+00,2.024212587828651433e+00,0.000000000000000000e+00
2.319187130350161219e+00,2.015821169559183001e+00,0.000000000000000000e+00
2.323615536012897387e+00,2.006855105306465159e+00,0.000000000000000000e+00
2.327147182662474556e+00,1.997499331589801752e+00,0.000000000000000000e+00
2.331504634957656030e+00,1.988498782474573456e+00,0.000000000000000000e+00
2.336996425606389316e+00,1.980141543891841049e+00,0.000000000000000000e+00
2.343225520926142558e+00,1.972318668090133453e+00,0.000000000000000000e+00
2.348329890929238495e+00,1.963719730294053445e+00,0.000000000000000000e+00
2.354038051202041792e+00,1.955508823495159643e+00,0.000000000000000000e+00
2.362222865472221933e+00,1.949763431777876033e+00,0.000000000000000000e+00
2.368217128033552221e+00,1.941759128978270521e+00,0.000000000000000000e+00
2.375077784618485843e+00,1.934483738515888174e+00,0.000000000000000000e+00
2.382149470251436973e+00,1.927413273586034759e+00,0.000000000000000000e+00
2.387810175691316594e+00,1.919169712979277076e+00,0.000000000000000000e+00
2.395061762443293496e+00,1.912283879392953079e+00,0.000000000000000000e+00
2.401661341153203288e+00,1.904770909590177919e+00,0.000000000000000000e+00
2.407900354685625466e+00,1.896955815770718257e+00,0.000000000000000000e+00
2.415600397238125474e+00,1.890575505854735550e+00,0.000000000000000000e+00
2.421618616097748422e+00,1.882589208425821337e+00,0.000000000000000000e+00
2.428128930893637794e+00,1.874998723976341264e+00,0.000000000000000000e+00
2.435883905085534984e+00,1.868685094967071247e+00,0.000000000000000000e+00
2.445857812333303904e+00,1.867963812024208803e+00,0.000000000000000000e+00
2.455807000343344093e+00,1.866957494908029869e+00,0.000000000000000000e+00
2.465800896604338099e+00,1.866607305706872832e+00,0.000000000000000000e+00
2.475759697651272795e+00,1.865699712953721612e+00,0.000000000000000000e+00
2.485758476724657662e+00,1.865548193181717718e+00,0.000000000000000000e+00
2.495539207707213158e+00,1.863465673697015657e+00,0.000000000000000000e+00
2.502324485875862869e+00,1.856119940218627473e+00,0.000000000000000000e+00
2.510586814792747923e+00,1.850486548010559229e+00,0.000000000000000000e+00
2.519781455700512929e+00,1.846554815920705916e+00,0.000000000000000000e+00
2.529664420567502070e+00,1.848079626677639364e+00,0.000000000000000000e+00
2.539437522155696847e+00,1.850197699140062380e+00,0.000000000000000000e+00
2.549403037069668976e+00,1.851028235010170331e+00,0.000000000000000000e+00
2.559366415753220103e+00,1.851882422002796513e+00,0.000000000000000000e+00
2.569352224856191746e+00,1.852416632195934110e+00,0.000000000000000000e+00
2.579338949486486676e+00,1.852932074078944336e+00,0.000000000000000000e+00
2.589332693159593468e+00,1.853285467625732874e+00,0.000000000000000000e+00
2.599327352360023546e+00,1.853611395352822822e+00,0.000000000000000000e+00
2.609324758142423484e+00,1.853836004722802411e+00,0.000000000000000000e+00
2.619322926864259493e+00,1.854030859454775193e+00,0.000000000000000000e+00
2.629322163701306003e+00,1.854153692703982781e+00,0.000000000000000000e+00
2.639321705714126942e+00,1.854246466139409133e+00,0.000000000000000000e+00
2.649321705490609524e+00,1.854282934644453373e+00,0.000000000000000000e+00
2.659321705267092106e+00,1.854289190747829164e+00,0.000000000000000000e+00
2.669321552455687474e+00,1.854248449781942920e+00,0.000000000000000000e+00
2.679321399644282842e+00,1.854177496414388226e+00,0.000000000000000000e+00
2.689320636481329352e+00,1.854065496905172861e+00,0.000000000000000000e+00
2.699319720730488648e+00,1.853923284994289045e+00,0.000000000000000000e+00
2.709318042040211871e+00,1.853743689051037702e+00,0.000000000000000000e+00
2.719315905586273452e+00,1.853533880706117909e+00,0.000000000000000000e+00
2.729312853605011746e+00,1.853289282322913234e+00,0.000000000000000000e+00
2.739309038684313968e+00,1.853014471538040109e+00,0.000000000000000000e+00
2.749304308236292904e+00,1.852706701769528674e+00,0.000000000000000000e+00
2.759298662260948554e+00,1.852368567011461575e+00,0.000000000000000000e+00
2.769291795582506488e+00,1.851998846560741097e+00,0.000000000000000000e+00
2.779283860788853922e+00,1.851598761120464953e+00,0.000000000000000000e+00
2.789274552704216426e+00,1.851167852926971502e+00,0.000000000000000000e+00
2.799263871328594000e+00,1.850706579743922386e+00,0.000000000000000000e+00
2.809251816661986645e+00,1.850215399334979249e+00,0.000000000000000000e+00
2.819238236116507146e+00,1.849693548760706019e+00,0.000000000000000000e+00
2.829222977104268288e+00,1.849142248724200410e+00,0.000000000000000000e+00
2.839206039625270073e+00,1.848560278522364708e+00,0.000000000000000000e+00
2.849187271091625284e+00,1.847948858858296628e+00,0.000000000000000000e+00
2.859166671503333923e+00,1.847306769028898454e+00,0.000000000000000000e+00
2.869144088272508775e+00,1.846635382325155117e+00,0.000000000000000000e+00
2.879119368811262625e+00,1.845933020280307257e+00,0.000000000000000000e+00
2.889092665707482688e+00,1.845201361361114234e+00,0.000000000000000000e+00
2.899063521197507320e+00,1.844438421925042260e+00,0.000000000000000000e+00
2.909032087869223737e+00,1.843646033026737907e+00,0.000000000000000000e+00
2.918998060546857509e+00,1.842822058435780175e+00,0.000000000000000000e+00
2.928961591818295851e+00,1.841968329206815636e+00,0.000000000000000000e+00
2.938922223919877119e+00,1.841082403933648859e+00,0.000000000000000000e+00
2.948880109439488528e+00,1.840166418846700847e+00,0.000000000000000000e+00
2.958836011316566150e+00,1.839227392988783460e+00,0.000000000000000000e+00
2.968789624375335556e+00,1.838266089299332773e+00,0.000000000000000000e+00
2.978740643440022318e+00,1.837277472378070708e+00,0.000000000000000000e+00
2.988688763334852005e+00,1.836259253406689052e+00,0.000000000000000000e+00
2.998633221120388548e+00,1.835206702160684156e+00,0.000000000000000000e+00
3.008573559032970302e+00,1.834117377233860591e+00,0.000000000000000000e+00
3.018509471896822838e+00,1.832986090638053067e+00,0.000000000000000000e+00
3.028440044184622870e+00,1.831810095791291726e+00,0.000000000000000000e+00
3.038364665544821541e+00,1.830584509881185706e+00,0.000000000000000000e+00
3.048282573037982779e+00,1.829305518210554649e+00,0.000000000000000000e+00
3.058192698548896082e+00,1.827968543142782121e+00,0.000000000000000000e+00
3.067848765227597418e+00,1.825367987780987189e+00,0.000000000000000000e+00
3.077704416862775183e+00,1.823675330348117907e+00,0.000000000000000000e+00
3.087620493301289848e+00,1.824968512692259903e+00,0.000000000000000000e+00
3.097453409341272668e+00,1.826788886186727634e+00,0.000000000000000000e+00
3.107414346618628365e+00,1.827671149350601265e+00,0.000000000000000000e+00
3.117370553671480415e+00,1.828606207923451077e+00,0.000000000000000000e+00
3.127345376446572622e+00,1.829315131247449155e+00,0.000000000000000000e+00
3.137319894045890400e+00,1.830029700323274167e+00,0.000000000000000000e+00
3.147302956566892185e+00,1.830610602409899368e+00,0.000000000000000000e+00
3.157286629439442827e+00,1.831181433695968419e+00,0.000000000000000000e+00
3.167275185124384329e+00,1.831659491546611118e+00,0.000000000000000000e+00
3.177264503748761904e+00,1.832121222493321877e+00,0.000000000000000000e+00
3.187256874130883766e+00,1.832512457836139586e+00,0.000000000000000000e+00
3.197250007452441700e+00,1.832884467105168280e+00,0.000000000000000000e+00
3.207244971828646207e+00,1.833199561092266006e+00,0.000000000000000000e+00
3.217240699144286786e+00,1.833493903126702573e+00,0.000000000000000000e+00
3.227237647163025080e+00,1.833739569625117749e+00,0.000000000000000000e+00
3.237235205533312232e+00,1.833963110879886838e+00,0.000000000000000000e+00
3.247233526843035456e+00,1.834143469762574252e+00,0.000000000000000000e+00
3.257232305916420323e+00,1.834299872346969007e+00,0.000000000000000000e+00
3.267231695341354047e+00,1.834416296904913590e+00,0.000000000000000000e+00
3.277231237354174986e+00,1.834506934109918941e+00,0.000000000000000000e+00
3.287231084542770354e+00,1.834558661403684621e+00,0.000000000000000000e+00
3.297231084319252936e+00,1.834582007350428423e+00,0.000000000000000000e+00
3.307231084095735518e+00,1.834565985622270912e+00,0.000000000000000000e+00
3.317230931284330886e+00,1.834518530789347235e+00,0.000000000000000000e+00
3.327230473297151825e+00,1.834430029814762886e+00,0.000000000000000000e+00
3.337229710134198335e+00,1.834305670686683154e+00,0.000000000000000000e+00
3.347228336619695988e+00,1.834137366247085676e+00,0.000000000000000000e+00
3.357226200165757568e+00,1.833928015665827527e+00,0.000000000000000000e+00
3.367222843008721433e+00,1.833669836960660771e+00,0.000000000000000000e+00
3.377218265148587584e+00,1.833364356010457552e+00,0.000000000000000000e+00
3.387211551058032732e+00,1.833003943420857151e+00,0.000000000000000000e+00
3.397203005912831308e+00,1.832588141428197925e+00,0.000000000000000000e+00
3.407191409009885597e+00,1.832109625813893583e+00,0.000000000000000000e+00
3.417176760349195597e+00,1.831565955171748694e+00,0.000000000000000000e+00
3.427157839227663594e+00,1.830949500107402539e+00,0.000000000000000000e+00
3.437133730117966302e+00,1.830256445923674757e+00,0.000000000000000000e+00
3.447103517492780433e+00,1.829478400286768558e+00,0.000000000000000000e+00
3.457065675473233846e+00,1.828609564856969794e+00,0.000000000000000000e+00
3.467018678180454394e+00,1.827640784361045601e+00,0.000000000000000000e+00
3.476960389384021077e+00,1.826564734580409688e+00,0.000000000000000000e+00
3.486888978029287323e+00,1.825371039538731477e+00,0.000000000000000000e+00
3.496801392358508842e+00,1.824050086199116461e+00,0.000000000000000000e+00
3.506694275438166919e+00,1.822590583057910774e+00,0.000000000000000000e+00
3.516563965158968408e+00,1.820981086023573337e+00,0.000000000000000000e+00
3.526418396091048457e+00,1.819280799196343335e+00,0.000000000000000000e+00
3.536272521847354078e+00,1.817580054605451689e+00,0.000000000000000000e+00
3.546126952779434127e+00,1.815879004838785615e+00,0.000000000000000000e+00
3.555981078535739748e+00,1.814177649896345113e+00,0.000000000000000000e+00
3.565835204292045368e+00,1.812475989778130181e+00,0.000000000000000000e+00
3.575689330048350989e+00,1.810774024484140821e+00,0.000000000000000000e+00
3.585543455804656610e+00,1.809071906602264246e+00,0.000000000000000000e+00
3.595397276385187801e+00,1.807369483544613242e+00,0.000000000000000000e+00
3.605251402141493422e+00,1.805666907899075024e+00,0.000000000000000000e+00
3.615105527897799043e+00,1.803964179665649592e+00,0.000000000000000000e+00
3.624959348478330234e+00,1.802261298844336945e+00,0.000000000000000000e+00
3.634813169058861426e+00,1.800558418023024299e+00,0.000000000000000000e+00
3.644614194230416437e+00,1.798572486670928949e+00,0.000000000000000000e+00
3.654335568524845534e+00,1.796229041899090273e+00,0.000000000000000000e+00
3.664027645944929468e+00,1.793766273399449940e+00,0.000000000000000000e+00
3.673674557350397940e+00,1.791132453878242270e+00,0.000000000000000000e+00
3.683329403326001561e+00,1.788527626055605335e+00,0.000000000000000000e+00
3.692970516391755886e+00,1.785872596818074864e+00,0.000000000000000000e+00
3.702640926331855376e+00,1.783327125683564329e+00,0.000000000000000000e+00
3.712318660490541156e+00,1.780808662605090742e+00,0.000000000000000000e+00
3.721917964475198737e+00,1.778005928292736737e+00,0.000000000000000000e+00
3.731325007721966180e+00,1.774613899559960739e+00,0.000000000000000000e+00
3.740624934271909119e+00,1.770938057356965967e+00,0.000000000000000000e+00
3.749724665513826771e+00,1.766791328934027572e+00,0.000000000000000000e+00
3.758623285920395851e+00,1.762229408869978808e+00,0.000000000000000000e+00
3.767412348223944996e+00,1.757459053751995182e+00,0.000000000000000000e+00
3.775987787485393987e+00,1.752315010898223502e+00,0.000000000000000000e+00
3.784666070982825481e+00,1.747346291526861162e+00,0.000000000000000000e+00
3.793156061027434411e+00,1.742062478168401096e+00,0.000000000000000000e+00
3.801765374799844999e+00,1.736975198008673171e+00,0.000000000000000000e+00
3.810246514746995494e+00,1.731677041388814953e+00,0.000000000000000000e+00
3.818672417878974379e+00,1.726291451909582886e+00,0.000000000000000000e+00
3.827217644738754920e+00,1.721097665404579313e+00,0.000000000000000000e+00
3.835715874529273428e+00,1.715826669428645257e+00,0.000000000000000000e+00
3.844234245920904236e+00,1.710588785024236724e+00,0.000000000000000000e+00
3.852670525029213699e+00,1.705219369861049383e+00,0.000000000000000000e+00
3.861092460876125010e+00,1.699827829454215955e+00,0.000000000000000000e+00
3.869165885988638642e+00,1.693926645504086448e+00,0.000000000000000000e+00
3.876957023509805644e+00,1.687657877333657463e+00,0.000000000000000000e+00
3.884937064835344067e+00,1.681631418728124938e+00,0.000000000000000000e+00
3.892484977264291324e+00,1.675071970632552532e+00,0.000000000000000000e+00
3.899615104058045567e+00,1.668060404627163873e+00,0.000000000000000000e+00
3.906930777722652515e+00,1.661242625238537496e+00,0.000000000000000000e+00
3.913929678933402379e+00,1.654100291413806101e+00,0.000000000000000000e+00
3.921011587954796873e+00,1.647039897284508836e+00,0.000000000000000000e+00
3.927777945225431999e+00,1.639676768786978212e+00,0.000000000000000000e+00
3.934190603773504158e+00,1.632003429114740722e+00,0.000000000000000000e+00
3.940685354604897661e+00,1.624399669519072997e+00,0.000000000000000000e+00
3.946835867162735489e+00,1.616514843035156357e+00,0.000000000000000000e+00
3.952600942717469756e+00,1.608343914262712726e+00,0.000000000000000000e+00
3.957975698456709601e+00,1.599911144675809194e+00,0.000000000000000000e+00
3.956079946545957959e+00,1.590092571897224527e+00,0.000000000000000000e+00
3.960722280426568709e+00,1.581235302808090548e+00,0.000000000000000000e+00
3.965200734916311198e+00,1.572294262968875866e+00,0.000000000000000000e+00
3.969548268998823737e+00,1.563288678453369496e+00,0.000000000000000000e+00
3.973831410992931801e+00,1.554252576360420246e+00,0.000000000000000000e+00
3.978084950936920272e+00,1.545202131006072843e+00,0.000000000000000000e+00
3.982318654455570872e+00,1.536142530378492577e+00,0.000000000000000000e+00
3.986551137271123757e+00,1.527082471987250667e+00,0.000000000000000000e+00
3.990316395976026165e+00,1.517818403590803111e+00,0.000000000000000000e+00
3.991869740667868705e+00,1.507939711184655973e+00,0.000000000000000000e+00
3.989327931642651315e+00,1.498268233129345983e+00,0.000000000000000000e+00
3.987085805227922997e+00,1.488522749948737012e+00,0.000000000000000000e+00
3.985929494218612312e+00,1.478589888842628763e+00,0.000000000000000000e+00
3.984779591900564633e+00,1.468656264797084443e+00,0.000000000000000000e+00
3.983721852666394447e+00,1.458712264775209544e+00,0.000000000000000000e+00
3.982611623199022510e+00,1.448774215680936006e+00,0.000000000000000000e+00
3.981484303888282561e+00,1.438837845053421827e+00,0.000000000000000000e+00
3.980270925009153693e+00,1.428911697814351012e+00,0.000000000000000000e+00
3.978520436767030155e+00,1.419066116979729397e+00,0.000000000000000000e+00
3.976175466116319335e+00,1.409345047861074729e+00,0.000000000000000000e+00
3.973638234727718377e+00,1.399672196514779809e+00,0.000000000000000000e+00
3.970613332451580213e+00,1.390140794139932634e+00,0.000000000000000000e+00
3.967166677255181462e+00,1.380753434730615847e+00,0.000000000000000000e+00
3.963236013280538650e+00,1.371558336059189198e+00,0.000000000000000000e+00
3.958922353708987707e+00,1.362536577227638102e+00,0.000000000000000000e+00
3.954376455373096455e+00,1.353629564487272230e+00,0.000000000000000000e+00
3.949637380771991779e+00,1.344823717516129502e+00,0.000000000000000000e+00
3.944733816428469986e+00,1.336108507749992125e+00,0.000000000000000000e+00
3.939666677869854361e+00,1.327487444710266029e+00,0.000000000000000000e+00
3.934540335210999551e+00,1.318901476884599244e+00,0.000000000000000000e+00
3.929321829468267246e+00,1.310371051049878499e+00,0.000000000000000000e+00
3.924042898922198042e+00,1.301877856659638066e+00,0.000000000000000000e+00
3.918676382928867774e+00,1.293439899084569245e+00,0.000000000000000000e+00
3.913223807367148588e+00,1.285057178324672034e+00,0.000000000000000000e+00
3.907709281123220357e+00,1.276715198530661066e+00,0.000000000000000000e+00
3.902127921384692222e+00,1.268417621811829488e+00,0.000000000000000000e+00
3.896504142213518485e+00,1.260148884203681430e+00,0.000000000000000000e+00
3.890815055426616986e+00,1.251924854846487190e+00,0.000000000000000000e+00
3.885087211316363032e+00,1.243727680957442683e+00,0.000000000000000000e+00
3.879323966816275338e+00,1.235555684069788551e+00,0.000000000000000000e+00
3.873532951320714623e+00,1.227402913255923433e+00,0.000000000000000000e+00
3.867730033969951187e+00,1.219258992539516750e+00,0.000000000000000000e+00
3.861895683514421584e+00,1.211137349654643369e+00,0.000000000000000000e+00
3.856046074270170543e+00,1.203026693097649424e+00,0.000000000000000000e+00
3.850179070006777060e+00,1.194928701335294274e+00,0.000000000000000000e+00
3.844294365548466708e+00,1.186843526955465133e+00,0.000000000000000000e+00
3.838397148883404775e+00,1.178767507848868856e+00,0.000000000000000000e+00
3.832471550871320964e+00,1.170712240694933737e+00,0.000000000000000000e+00
3.826532525125162287e+00,1.162666891753667553e+00,0.000000000000000000e+00
3.820577325062958884e+00,1.154633292079716878e+00,0.000000000000000000e+00
3.814578179689237736e+00,1.146632803977291726e+00,0.000000000000000000e+00
3.808554315077787855e+00,1.138650626421332301e+00,0.000000000000000000e+00
3.802502679470864955e+00,1.130689658581695678e+00,0.000000000000000000e+00
3.796424493571566749e+00,1.122748984931058569e+00,0.000000000000000000e+00
3.790314569391727950e+00,1.114832572754488549e+00,0.000000000000000000e+00
3.784181757028806992e+00,1.106933860772835398e+00,0.000000000000000000e+00
3.778038263513781025e+00,1.099043388537091825e+00,0.000000000000000000e+00
3.771869440409477470e+00,1.091173057902460553e+00,0.000000000000000000e+00
3.765689325801520049e+00,1.083311272189513286e+00,0.000000000000000000e+00
3.759497004162585476e+00,1.075459099513460526e+00,0.000000000000000000e+00
3.753280268461696600e+00,1.067626610674858423e+00,0.000000000000000000e+00
3.747054987839123719e+00,1.059800377939632110e+00,0.000000000000000000e+00
3.740813227724731682e+00,1.051987725526367878e+00,0.000000000000000000e+00
3.734548884603031915e+00,1.044193078483794945e+00,0.000000000000000000e+00
3.728268367165287422e+00,1.036411248823748021e+00,0.000000000000000000e+00
3.721973201290370348e+00,1.028641473606791035e+00,0.000000000000000000e+00
3.715664607681378406e+00,1.020882226954051841e+00,0.000000000000000000e+00
3.709334956943950878e+00,1.013140527908342303e+00,0.000000000000000000e+00
3.702994625054418343e+00,1.005407678960091200e+00,0.000000000000000000e+00
3.696642391309683084e+00,9.976841378729602861e-01,0.000000000000000000e+00
3.690270626315384384e+00,9.899770762776484156e-01,0.000000000000000000e+00
3.683892147454048249e+00,9.822753552583890491e-01,0.000000000000000000e+00
3.677500240858637248e+00,9.745849257427835477e-01,0.000000000000000000e+00
3.671092159947181521e+00,9.669079239612529131e-01,0.000000000000000000e+00
3.664680111750658220e+00,9.592342791132409952e-01,0.000000000000000000e+00
3.658254330644285623e+00,9.515719257688829424e-01,0.000000000000000000e+00
3.651816647682710304e+00,9.439197958129682542e-01,0.000000000000000000e+00
3.645388119994367848e+00,9.362598838748056318e-01,0.000000000000000000e+00
3.638971494161228115e+00,9.285899011360868593e-01,0.000000000000000000e+00
3.632563718425546817e+00,9.209128993545562247e-01,0.000000000000000000e+00
3.626209348450390557e+00,9.131911893220717724e-01,0.000000000000000000e+00
3.619886106404226034e+00,9.054443022881969450e-01,0.000000000000000000e+00
3.613608030372676971e+00,8.976604889856162339e-01,0.000000000000000000e+00
3.607387022210946093e+00,8.898312044926456332e-01,0.000000000000000000e+00
3.601194395396237091e+00,8.819791844044800877e-01,0.000000000000000000e+00
3.595066771021481422e+00,8.740766577256465775e-01,0.000000000000000000e+00
3.588996519692318365e+00,8.661298805595208927e-01,0.000000000000000000e+00
3.582970518850447483e+00,8.581493814703208267e-01,0.000000000000000000e+00
3.577012267030499792e+00,8.501182232025655816e-01,0.000000000000000000e+00
3.571116271068535575e+00,8.420412885686460180e-01,0.000000000000000000e+00
3.565284362019201403e+00,8.339178146291260640e-01,0.000000000000000000e+00
3.559482970547310110e+00,8.257728257975088804e-01,0.000000000000000000e+00
3.553735595187492713e+00,8.175895374062008836e-01,0.000000000000000000e+00
3.548021483987088054e+00,8.093829030681490844e-01,0.000000000000000000e+00
3.542322021223855977e+00,8.011660453416539207e-01,0.000000000000000000e+00
3.536668029651013789e+00,7.929177545103925917e-01,0.000000000000000000e+00
3.531060729971659207e+00,7.846377253985906686e-01,0.000000000000000000e+00
3.525508056755927377e+00,7.763210751938572907e-01,0.000000000000000000e+00
3.519994446039322433e+00,7.679784850482974656e-01,0.000000000000000000e+00
3.514547058465768536e+00,7.595922547669943237e-01,0.000000000000000000e+00
3.509226013662828159e+00,7.511254580812419812e-01,0.000000000000000000e+00
3.503968750596743398e+00,7.426189885448138961e-01,0.000000000000000000e+00
3.498826538797618291e+00,7.340424811681544037e-01,0.000000000000000000e+00
3.493845764983166013e+00,7.253710641256475578e-01,0.000000000000000000e+00
3.489736268004707931e+00,7.162545482161363219e-01,0.000000000000000000e+00
3.487506653796731193e+00,7.065061658656702770e-01,0.000000000000000000e+00
3.486574952157400098e+00,6.965496536370437974e-01,0.000000000000000000e+00
3.485293213904799181e+00,6.866322039075442030e-01,0.000000000000000000e+00
3.482654969334862294e+00,6.769864369112298386e-01,0.000000000000000000e+00
3.478776795593421234e+00,6.677691367022134949e-01,0.000000000000000000e+00
3.474918763453092474e+00,6.585433678654567524e-01,0.000000000000000000e+00
3.471060120961214857e+00,6.493177516165872243e-01,0.000000000000000000e+00
3.467195680129623092e+00,6.400946530678567337e-01,0.000000000000000000e+00
3.464292237811707587e+00,6.305254088969803883e-01,0.000000000000000000e+00
3.460917604098074030e+00,6.211120332528935473e-01,0.000000000000000000e+00
3.457206056329471089e+00,6.118262973764615476e-01,0.000000000000000000e+00
3.453512513931559447e+00,6.025333898693304713e-01,0.000000000000000000e+00
3.449812868018159229e+00,5.932429237683948253e-01,0.000000000000000000e+00
3.446097047788714285e+00,5.839589426526657912e-01,0.000000000000000000e+00
3.442356203145766180e+00,5.746850323374929070e-01,0.000000000000000000e+00
3.438599794538322207e+00,5.654173018317522059e-01,0.000000000000000000e+00
3.434872377629448970e+00,5.561379746465832108e-01,0.000000000000000000e+00
3.431185854274349190e+00,5.468423205574822754e-01,0.000000000000000000e+00
3.427970217139193032e+00,5.373734792163930019e-01,0.000000000000000000e+00
3.426202028702152624e+00,5.275310264334592825e-01,0.000000000000000000e+00
3.425588930571325186e+00,5.175498712610476781e-01,0.000000000000000000e+00
3.424945925214603726e+00,5.075705471432826466e-01,0.000000000000000000e+00
3.423969973087980456e+00,4.976182310815545629e-01,0.000000000000000000e+00
3.421902407216225406e+00,4.878342957533675639e-01,0.000000000000000000e+00
3.418248842844763935e+00,4.785257479877970122e-01,0.000000000000000000e+00
3.413172549012915447e+00,4.699098729362362059e-01,0.000000000000000000e+00
3.406972597979620154e+00,4.620638800696156290e-01,0.000000000000000000e+00
3.402785891530231588e+00,4.529824593741637040e-01,0.000000000000000000e+00
3.406264590182945362e+00,4.436070781139932473e-01,0.000000000000000000e+00
3.410878237540759805e+00,4.347348554119122577e-01,0.000000000000000000e+00
3.413193911317125462e+00,4.250066909565021200e-01,0.000000000000000000e+00
3.414352663732631576e+00,4.150740587322246933e-01,0.000000000000000000e+00
3.415213869768069621e+00,4.051112141062788163e-01,0.000000000000000000e+00
3.415814150516371051e+00,3.951292197004875328e-01,0.000000000000000000e+00
3.416224306757203344e+00,3.851376122578017425e-01,0.000000000000000000e+00
3.416437929799303497e+00,3.751399012996273763e-01,0.000000000000000000e+00
3.416446474720987503e+00,3.651399015231447942e-01,0.000000000000000000e+00
3.422990969203612899e+00,3.575787139480098853e-01,0.000000000000000000e+00
3.427602480331006340e+00,3.487055757186056093e-01,0.000000000000000000e+00
3.430581606240980186e+00,3.391596012005294591e-01,0.000000000000000000e+00
3.434113710654218998e+00,3.298042089535840882e-01,0.000000000000000000e+00
3.438535097274143304e+00,3.208346351794603146e-01,0.000000000000000000e+00
3.444844911586232961e+00,3.130766855237624435e-01,0.000000000000000000e+00
3.449850404638413970e+00,3.044196117426537507e-01,0.000000000000000000e+00
3.455165956277414629e+00,2.959494581233826915e-01,0.000000000000000000e+00
3.463416383339096960e+00,2.902985946022283992e-01,0.000000000000000000e+00
3.469527223046259046e+00,2.823829453650944510e-01,0.000000000000000000e+00
3.476277711176623875e+00,2.750053210182784591e-01,0.000000000000000000e+00
3.483642823316688286e+00,2.682407948022899058e-01,0.000000000000000000e+00
3.489245240183652008e+00,2.599576376388000876e-01,0.000000000000000000e+00
3.496321656041106785e+00,2.528919029334503188e-01,0.000000000000000000e+00
3.503266541139782753e+00,2.456969262876299576e-01,0.000000000000000000e+00
3.509334045886975950e+00,2.377478603031960569e-01,0.000000000000000000e+00
3.516729980780257669e+00,2.310172848921127065e-01,0.000000000000000000e+00
3.522470947448812062e+00,2.228294951581318850e-01,0.000000000000000000e+00
3.528572326706966855e+00,2.149065979963552531e-01,0.000000000000000000e+00
3.535911804081979248e+00,2.081146059606681087e-01,0.000000000000000000e+00
3.545906615870296541e+00,2.084390841028295194e-01,0.000000000000000000e+00
3.555845580491893365e+00,2.095429048789384519e-01,0.000000000000000000e+00
3.561932616488650005e+00,2.016088688013951691e-01,0.000000000000000000e+00
3.568957457640226316e+00,1.944920934477721852e-01,0.000000000000000000e+00
3.577292113215650993e+00,1.889661231123028751e-01,0.000000000000000000e+00
3.587232908891894390e+00,1.878793158856183476e-01,0.000000000000000000e+00
3.597144712869567051e+00,1.865547004367101858e-01,0.000000000000000000e+00
3.607063230714277147e+00,1.852799049329775238e-01,0.000000000000000000e+00
3.616601499544048970e+00,1.822763649610493752e-01,0.000000000000000000e+00
3.625758603831559235e+00,1.782581155391455008e-01,0.000000000000000000e+00
3.634901059681896918e+00,1.742065256638852810e-01,0.000000000000000000e+00
3.642804501888053714e+00,1.680801219922273271e-01,0.000000000000000000e+00
3.651581967512174565e+00,1.632888623336953282e-01,0.000000000000000000e+00
3.660189145054164150e+00,1.581980726525614722e-01,0.000000000000000000e+00
3.667555172721551848e+00,1.514346908457270269e-01,0.000000000000000000e+00
3.667962582380414283e+00,1.614263745823564244e-01,0.000000000000000000e+00
3.670989620886973448e+00,1.709571666056547423e-01,0.000000000000000000e+00
3.680864803771714655e+00,1.725331705987486197e-01,0.000000000000000000e+00
3.690739681480681433e+00,1.741102427070529979e-01,0.000000000000000000e+00
3.700696651472969556e+00,1.750346964217414092e-01,0.000000000000000000e+00
3.710654536992580965e+00,1.759528177391104231e-01,0.000000000000000000e+00
3.720638667628793250e+00,1.765162485126495762e-01,0.000000000000000000e+00
3.730621882737682249e+00,1.770971505992747774e-01,0.000000000000000000e+00
3.740616999701773970e+00,1.767915933551279517e-01,0.000000000000000000e+00
3.750610895962767977e+00,1.764414041539709155e-01,0.000000000000000000e+00
3.760610590563476130e+00,1.765281503678522990e-01,0.000000000000000000e+00
3.770609979988409854e+00,1.766283243158085492e-01,0.000000000000000000e+00
3.780609369413343579e+00,1.767413919402344158e-01,0.000000000000000000e+00
3.790608758838277303e+00,1.768626993105698597e-01,0.000000000000000000e+00
3.800608148263211028e+00,1.769814889807662661e-01,0.000000000000000000e+00
3.810607232512370324e+00,1.771047036996918900e-01,0.000000000000000000e+00
3.820606621937304048e+00,1.772201364363695797e-01,0.000000000000000000e+00
3.830606011362237773e+00,1.773377054034682709e-01,0.000000000000000000e+00
3.840605400787171497e+00,1.774465768609957417e-01,0.000000000000000000e+00
3.850604790212105222e+00,1.775562112579592844e-01,0.000000000000000000e+00
3.860604179637038946e+00,1.776580636726748930e-01,0.000000000000000000e+00
3.870603569061972671e+00,1.777597634995032871e-01,0.000000000000000000e+00
3.880603263662680824e+00,1.778541391077453904e-01,0.000000000000000000e+00
3.890602653087614549e+00,1.779478280704950288e-01,0.000000000000000000e+00
3.900602347688322702e+00,1.780347268722636267e-01,0.000000000000000000e+00
3.910602042289030855e+00,1.781208627345961526e-01,0.000000000000000000e+00
3.920601736889739009e+00,1.782012765511581387e-01,0.000000000000000000e+00
3.930601431490447162e+00,1.782806222525096240e-01,0.000000000000000000e+00
3.940601126091155315e+00,1.783549325535830343e-01,0.000000000000000000e+00
3.950600820691863468e+00,1.784280984455023367e-01,0.000000000000000000e+00
3.960600515292571622e+00,1.784966104068616000e-01,0.000000000000000000e+00
3.970600515069054204e+00,1.785639016651231481e-01,0.000000000000000000e+00
3.980600209669762357e+00,1.786269967564863004e-01,0.000000000000000000e+00
3.990599904270470510e+00,1.786888711447517375e-01,0.000000000000000000e+00
4.000599904046953093e+00,1.787470834237240291e-01,0.000000000000000000e+00
4.010599598647661246e+00,1.788039987056549984e-01,0.000000000000000000e+00
4.020599598424143828e+00,1.788576333480108582e-01,0.000000000000000000e+00
4.030599293024851981e+00,1.789101235812126101e-01,0.000000000000000000e+00
4.040599292801334563e+00,1.789597146445572884e-01,0.000000000000000000e+00
4.050598987402042717e+00,1.790080850048042516e-01,0.000000000000000000e+00
4.060598987178525299e+00,1.790540139588557844e-01,0.000000000000000000e+00
4.070598986955007881e+00,1.790987985037532093e-01,0.000000000000000000e+00
4.080598986731490463e+00,1.791409890545679895e-01,0.000000000000000000e+00
4.090598681332198616e+00,1.791821114901722689e-01,0.000000000000000000e+00
4.100598681108681198e+00,1.792212502832427612e-01,0.000000000000000000e+00
4.110598680885163780e+00,1.792592446671591455e-01,0.000000000000000000e+00
4.120598680661646362e+00,1.792951791145981355e-01,0.000000000000000000e+00
4.130598375262354516e+00,1.793300454468266247e-01,0.000000000000000000e+00
4.140598375038837098e+00,1.793631570183521484e-01,0.000000000000000000e+00
4.150598374815319680e+00,1.793952767686107785e-01,0.000000000000000000e+00
4.160598374591802262e+00,1.794255654642228359e-01,0.000000000000000000e+00
4.170598374368284844e+00,1.794550149264552141e-01,0.000000000000000000e+00
4.180598374144767426e+00,1.794827859219282340e-01,0.000000000000000000e+00
4.190598068745475580e+00,1.795097939779651819e-01,0.000000000000000000e+00
4.200598068521958162e+00,1.795355813309044146e-01,0.000000000000000000e+00
4.210598068298440744e+00,1.795606057444075754e-01,0.000000000000000000e+00
4.220598068074923326e+00,1.795843331608694138e-01,0.000000000000000000e+00
4.230598067851405908e+00,1.796072976378951802e-01,0.000000000000000000e+00
4.240585860596911338e+00,1.800997750438796396e-01,0.000000000000000000e+00
4.250573348166642340e+00,1.806002633139428548e-01,0.000000000000000000e+00
4.260560530560598913e+00,1.811073128631562890e-01,0.000000000000000000e+00
4.270547407778781057e+00,1.816219155127868357e-01,0.000000000000000000e+00
4.280533674645414344e+00,1.821427742657931725e-01,0.000000000000000000e+00
4.290519941512047630e+00,1.826708046494985860e-01,0.000000000000000000e+00
4.300505598027132059e+00,1.832043281971437176e-01,0.000000000000000000e+00
4.310490949366442059e+00,1.837447181997134971e-01,0.000000000000000000e+00
4.320475995529977631e+00,1.842906776601666019e-01,0.000000000000000000e+00
4.330460736517738773e+00,1.848430458118827113e-01,0.000000000000000000e+00
4.340445172329725487e+00,1.854004493638768958e-01,0.000000000000000000e+00
4.350429302965937772e+00,1.859638038434724416e-01,0.000000000000000000e+00
4.360413128426375629e+00,1.865318122536280265e-01,0.000000000000000000e+00
4.370396648711039056e+00,1.871053901216669368e-01,0.000000000000000000e+00
4.380379863819928055e+00,1.876830878626606358e-01,0.000000000000000000e+00
4.390363078928817053e+00,1.882658210039324098e-01,0.000000000000000000e+00
4.400345683686157194e+00,1.888526740181589725e-01,0.000000000000000000e+00
4.410328288443497335e+00,1.894440283750583598e-01,0.000000000000000000e+00
4.420310588025063048e+00,1.900388159594200710e-01,0.000000000000000000e+00
4.430292582430854331e+00,1.906377997106801780e-01,0.000000000000000000e+00
4.440274576836645615e+00,1.912399878075717874e-01,0.000000000000000000e+00
4.450255960890888041e+00,1.918459143077001494e-01,0.000000000000000000e+00
4.460237650120904895e+00,1.924545110958547633e-01,0.000000000000000000e+00
4.470218728999372892e+00,1.930664648175280940e-01,0.000000000000000000e+00
4.480199807877840890e+00,1.936807836514532477e-01,0.000000000000000000e+00
4.490180886756308887e+00,1.942980016552354749e-01,0.000000000000000000e+00
4.500161355283228026e+00,1.949225438776039931e-01,0.000000000000000000e+00
4.510141823810147166e+00,1.955467046302544754e-01,0.000000000000000000e+00
4.520122292337066305e+00,1.961697972676944568e-01,0.000000000000000000e+00
4.530103066039759874e+00,1.967935765506269030e-01,0.000000000000000000e+00
4.540083534566679013e+00,1.974176610093337780e-01,0.000000000000000000e+00
4.550063697917823724e+00,1.980434239348000114e-01,0.000000000000000000e+00
4.560040809511224147e+00,1.987233555602273549e-01,0.000000000000000000e+00
4.570020057335045571e+00,1.993666660927232437e-01,0.000000000000000000e+00
4.579999915510415853e+00,1.999999821186065896e-01,0.000000000000000000e+00
4.599999915063381017e+00,2.199999816715717538e-01,0.000000000000000000e+00
4.590499999999999581e+00,2.290939999999999921e-01,3.946031663715649507e-01
